node_id,lon,lat
0,-122.2520465,37.759728
1,-122.2529058,37.7587196
2,-122.2540019,37.7573818
3,-122.2550566,37.7561245
4,-122.2930844,37.7856659
5,-122.2931254,37.7849613
6,-122.2964052,37.7843119
7,-122.2909812,37.7779714
8,-122.2715211,37.7639686
9,-122.2293455,37.7542982
10,-122.2286722,37.7538338
11,-122.2372097,37.7506251
12,-122.2367503,37.7502953
13,-122.2588122,37.7639681
14,-122.2881956,37.7725709
15,-122.2860078,37.7726015
16,-122.2823978,37.7725135
17,-122.2768413,37.7723877
18,-122.2750361,37.7723432
19,-122.2727769,37.772307
20,-122.2705388,37.7722684
21,-122.2680972,37.7722108
22,-122.2658958,37.7721558
23,-122.2823896,37.7727005
24,-122.2302815,37.7627969
25,-122.2285549,37.762816
26,-122.2270739,37.7626558
27,-122.2266223,37.7612863
28,-122.226743,37.7602406
29,-122.2954466,37.7875632
30,-122.2949186,37.7864017
31,-122.2372051,37.7607305
32,-122.2360859,37.7599414
33,-122.2349985,37.7591817
34,-122.2342136,37.7586511
35,-122.2334571,37.758116
36,-122.2326875,37.7575825
37,-122.2961866,37.7737685
38,-122.2960242,37.7768077
39,-122.2960828,37.7753659
40,-122.291399,37.7848911
41,-122.2941423,37.7850154
42,-122.2962957,37.785125
43,-122.2970967,37.785249
44,-122.2980796,37.7855843
45,-122.3007987,37.7857266
46,-122.3021921,37.7857952
47,-122.3036323,37.7858624
48,-122.308353,37.7862418
49,-122.2438132,37.7559156
50,-122.242965,37.7554744
51,-122.2419847,37.7549576
52,-122.240673,37.7540455
53,-122.245786,37.7568571
54,-122.2449351,37.7564156
55,-122.2335489,37.7675767
56,-122.2632444,37.7634592
57,-122.2627872,37.7642305
58,-122.2484696,37.7720161
59,-122.2478715,37.7728827
60,-122.2472914,37.7737459
61,-122.2329823,37.7630924
62,-122.2323207,37.7640627
63,-122.2309916,37.7643866
64,-122.2301596,37.7640915
65,-122.230011,37.7636188
66,-122.2689683,37.7613042
67,-122.2760629,37.7851148
68,-122.2764118,37.7876747
69,-122.2962945,37.7871542
70,-122.2794805,37.7715025
71,-122.2794501,37.7722257
72,-122.2794267,37.7733925
73,-122.2793858,37.7742972
74,-122.2793166,37.7752629
75,-122.2792734,37.7763114
76,-122.2628496,37.7650551
77,-122.2627001,37.7652714
78,-122.2622786,37.7658982
79,-122.2616776,37.766766
80,-122.2610781,37.7676323
81,-122.2604817,37.7684982
82,-122.2598825,37.7693614
83,-122.2592893,37.7702312
84,-122.2587677,37.7709775
85,-122.2578553,37.7722891
86,-122.2570392,37.7734865
87,-122.256439,37.7743536
88,-122.2558398,37.7752269
89,-122.2549692,37.7716329
90,-122.2544636,37.772367
91,-122.2538615,37.7732336
92,-122.253264,37.7740992
93,-122.2526672,37.7749679
94,-122.2520773,37.7758334
95,-122.2299336,37.7600753
96,-122.2266894,37.7578211
97,-122.2808797,37.7734275
98,-122.2808451,37.7743355
99,-122.2808022,37.7753002
100,-122.2447548,37.7639133
101,-122.2435404,37.7633811
102,-122.2609545,37.7710313
103,-122.2575802,37.7694867
104,-122.2558805,37.7687473
105,-122.2541967,37.7680148
106,-122.2533538,37.76765
107,-122.2504732,37.7663997
108,-122.2475912,37.7651454
109,-122.2946334,37.7827409
110,-122.2973603,37.7828745
111,-122.3024019,37.7831389
112,-122.3038518,37.7832133
113,-122.3085856,37.7834482
114,-122.2564947,37.7755143
115,-122.2690496,37.7820184
116,-122.2686739,37.78239
117,-122.2279714,37.7554356
118,-122.2673756,37.7607115
119,-122.2376232,37.7643437
120,-122.237099,37.7640726
121,-122.2647616,37.7692822
122,-122.2646922,37.7711209
123,-122.2646131,37.7729601
124,-122.2645078,37.7758949
125,-122.2644387,37.7768812
126,-122.2643704,37.7778708
127,-122.2643435,37.7782185
128,-122.245959,37.7532329
129,-122.3034559,37.7880135
130,-122.3020092,37.7879425
131,-122.2911122,37.7765301
132,-122.2916325,37.7868745
133,-122.2927377,37.7885408
134,-122.2838959,37.7824421
135,-122.2831336,37.7824347
136,-122.282129,37.7824208
137,-122.2929385,37.7719273
138,-122.292652,37.7766028
139,-122.2910878,37.7751585
140,-122.2950689,37.7753235
141,-122.2434927,37.7675912
142,-122.2428919,37.7684621
143,-122.2368415,37.7636723
144,-122.2363889,37.7634061
145,-122.2377897,37.7577382
146,-122.237113,37.7572636
147,-122.2363527,37.7567274
148,-122.2355803,37.7561936
149,-122.2348038,37.7556576
150,-122.2340407,37.7551283
151,-122.2332844,37.7545919
152,-122.2325114,37.7540532
153,-122.24141,37.7659126
154,-122.23965,37.765007
155,-122.23837,37.764349
156,-122.2684096,37.7653784
157,-122.2676701,37.7665915
158,-122.2968631,37.7870356
159,-122.2802918,37.778744
160,-122.2804508,37.7769559
161,-122.2682428,37.7644923
162,-122.2684091,37.7642082
163,-122.2691051,37.7693871
164,-122.2690333,37.7712285
165,-122.2590702,37.7764863
166,-122.2940826,37.785707
167,-122.2409655,37.7634234
168,-122.2401417,37.7644231
169,-122.2390751,37.7657047
170,-122.2378342,37.7671844
171,-122.2371258,37.7680523
172,-122.2364524,37.7688783
173,-122.2357644,37.7697022
174,-122.2596409,37.7728414
175,-122.258948,37.7743177
176,-122.2584064,37.7752106
177,-122.257805,37.7760862
178,-122.2853653,37.7892344
179,-122.2841832,37.7878772
180,-122.2523389,37.7759505
181,-122.2516956,37.7768638
182,-122.2416326,37.7618573
183,-122.2402787,37.7611427
184,-122.2706803,37.7687582
185,-122.270652,37.7694226
186,-122.2706244,37.7703326
187,-122.2705803,37.771264
188,-122.2705052,37.7731774
189,-122.2704676,37.7740992
190,-122.2704308,37.7750464
191,-122.270428,37.7761033
192,-122.27042,37.7771043
193,-122.2703504,37.7788729
194,-122.2454984,37.7559236
195,-122.2729159,37.7693022
196,-122.2719315,37.7688877
197,-122.2712264,37.7685949
198,-122.2296626,37.7613857
199,-122.229094,37.7619057
200,-122.2284168,37.7635141
201,-122.2275754,37.7643247
202,-122.2269482,37.7648791
203,-122.2388834,37.7565915
204,-122.2382892,37.7571371
205,-122.2408487,37.7592571
206,-122.2653449,37.7816858
207,-122.2664611,37.7816513
208,-122.2677065,37.7816787
209,-122.2698545,37.7827672
210,-122.2707924,37.783117
211,-122.2973062,37.7835119
212,-122.2842055,37.7884838
213,-122.2837129,37.788458
214,-122.2623849,37.7679753
215,-122.2622833,37.7682299
216,-122.2622735,37.7692258
217,-122.2622295,37.7703854
218,-122.2622019,37.7710619
219,-122.2621304,37.7728993
220,-122.2620569,37.774757
221,-122.2620194,37.7757833
222,-122.2649674,37.7598099
223,-122.2718329,37.7712958
224,-122.2329417,37.7658645
225,-122.2322054,37.7654781
226,-122.2314832,37.7651007
227,-122.237952,37.7540483
228,-122.2373605,37.754587
229,-122.2367691,37.7551177
230,-122.236169,37.7556581
231,-122.2349423,37.7567691
232,-122.2341635,37.7574777
233,-122.232747,37.7587572
234,-122.2317845,37.7596235
235,-122.2304425,37.7608439
236,-122.2400152,37.7521323
237,-122.2397309,37.7524271
238,-122.2665696,37.7604139
239,-122.2601526,37.7596509
240,-122.2593633,37.7593598
241,-122.2585728,37.7590671
242,-122.2577815,37.7587735
243,-122.2569768,37.7584724
244,-122.2559471,37.7580908
245,-122.2682576,37.767852
246,-122.2682095,37.7693646
247,-122.2681654,37.7704054
248,-122.2681302,37.7712054
249,-122.2680577,37.7730895
250,-122.2300931,37.7528318
251,-122.2297196,37.7531006
252,-122.2272989,37.7549662
253,-122.2265935,37.7556073
254,-122.2507947,37.7707678
255,-122.2511127,37.7703227
256,-122.2893723,37.7818153
257,-122.2960288,37.7798411
258,-122.2885153,37.7708291
259,-122.2881273,37.7735935
260,-122.2880898,37.7744988
261,-122.2880469,37.7754062
262,-122.2880285,37.7764449
263,-122.2880175,37.7771955
264,-122.287983,37.7778885
265,-122.2879594,37.7785774
266,-122.2759744,37.7707889
267,-122.2467282,37.7557194
268,-122.2462467,37.7563091
269,-122.2453136,37.75743
270,-122.2434089,37.7597332
271,-122.2420997,37.7613107
272,-122.2411176,37.7624821
273,-122.2405095,37.7632299
274,-122.2805528,37.7787473
275,-122.2597348,37.775606
276,-122.2596738,37.7766114
277,-122.2334519,37.7505848
278,-122.2665937,37.7659801
279,-122.2672163,37.764937
280,-122.2676106,37.7642612
281,-122.2379004,37.750464
282,-122.2659669,37.7703555
283,-122.2943365,37.7842072
284,-122.2925653,37.7839512
285,-122.2944789,37.783957
286,-122.2431695,37.7619309
287,-122.2409816,37.7648574
288,-122.2478367,37.7562985
289,-122.247355,37.7568883
290,-122.2453398,37.75933
291,-122.2647398,37.7640163
292,-122.2642704,37.7649467
293,-122.238599,37.7676363
294,-122.2375624,37.7519395
295,-122.2868399,37.7778591
296,-122.2465526,37.753464
297,-122.2457029,37.7544777
298,-122.2448393,37.7555799
299,-122.2439386,37.756714
300,-122.2434317,37.757327
301,-122.2429872,37.7578645
302,-122.2420315,37.7590201
303,-122.2407733,37.760544
304,-122.2397547,37.7617783
305,-122.2390878,37.7625792
306,-122.2383358,37.7634883
307,-122.2372787,37.7647643
308,-122.2366283,37.7655499
309,-122.2361797,37.7660906
310,-122.2346555,37.7679363
311,-122.2367,37.7613438
312,-122.2351658,37.7618276
313,-122.2344712,37.7623563
314,-122.2336177,37.7628688
315,-122.2295165,37.7636122
316,-122.2262475,37.763407
317,-122.2397034,37.7604897
318,-122.2823612,37.7734627
319,-122.2823203,37.7743716
320,-122.2822479,37.7763751
321,-122.2822104,37.777363
322,-122.2427613,37.7568289
323,-122.2422347,37.7574724
324,-122.2957617,37.7873651
325,-122.2831015,37.7843619
326,-122.2609371,37.758322
327,-122.2610384,37.7644839
328,-122.2861276,37.7699651
329,-122.286146,37.7695705
330,-122.2861958,37.7693386
331,-122.2876202,37.7653679
332,-122.241591,37.757136
333,-122.2410968,37.7568783
334,-122.240606,37.7566217
335,-122.2388969,37.755651
336,-122.2381216,37.7551161
337,-122.2365847,37.754048
338,-122.2358217,37.753521
339,-122.2350579,37.7529829
340,-122.28692,37.786941
341,-122.2898428,37.7800146
342,-122.2898359,37.7745348
343,-122.2859613,37.7735425
344,-122.2768037,37.7733279
345,-122.2749999,37.7732866
346,-122.2727426,37.7732355
347,-122.2685593,37.7731096
348,-122.2673168,37.7730545
349,-122.265882,37.7729923
350,-122.2633772,37.7729312
351,-122.2608845,37.7728732
352,-122.2561554,37.7715513
353,-122.2544502,37.7708098
354,-122.2536072,37.7704417
355,-122.2527711,37.7700782
356,-122.2519309,37.769711
357,-122.2490502,37.7684558
358,-122.2461963,37.7672175
359,-122.2433389,37.7659722
360,-122.2418955,37.7653387
361,-122.2369281,37.7627681
362,-122.2359389,37.7622522
363,-122.2344225,37.7614025
364,-122.2333198,37.7606965
365,-122.2325554,37.7601627
366,-122.2310134,37.7590958
367,-122.2897125,37.7776322
368,-122.2615235,37.7700763
369,-122.2608132,37.7747098
370,-122.2607714,37.7757321
371,-122.2607019,37.7767193
372,-122.2321807,37.7543504
373,-122.2522753,37.7771875
374,-122.2878673,37.7804545
375,-122.2882086,37.7848614
376,-122.2866719,37.78925
377,-122.2884552,37.7877951
378,-122.2889624,37.7869887
379,-122.2654091,37.7806651
380,-122.2650367,37.7832115
381,-122.247158,37.7604455
382,-122.2465598,37.7613112
383,-122.245955,37.7621785
384,-122.245356,37.7630442
385,-122.2441688,37.7647822
386,-122.2419242,37.7680357
387,-122.2413241,37.7689046
388,-122.2407153,37.7697656
389,-122.2401284,37.7706402
390,-122.2816698,37.7715555
391,-122.2816479,37.7721222
392,-122.2607078,37.7625766
393,-122.2605576,37.7630664
394,-122.2566301,37.772578
395,-122.2557208,37.7721815
396,-122.2389718,37.75189
397,-122.2377776,37.7529781
398,-122.2371909,37.7535162
399,-122.2359987,37.7545887
400,-122.2354065,37.7551274
401,-122.2333963,37.7569453
402,-122.2325105,37.7577437
403,-122.2319787,37.7582288
404,-122.230586,37.7594858
405,-122.2296732,37.7603073
406,-122.2291644,37.7607713
407,-122.2284527,37.7614125
408,-122.2277569,37.762043
409,-122.2410827,37.7551998
410,-122.23885,37.7575244
411,-122.285944,37.7739772
412,-122.2849838,37.7739518
413,-122.2766461,37.7772294
414,-122.2725888,37.7771469
415,-122.2715057,37.7771202
416,-122.269315,37.7770752
417,-122.2678606,37.7770309
418,-122.2657946,37.7769411
419,-122.2631835,37.7768254
420,-122.2585968,37.7763634
421,-122.2550034,37.7748603
422,-122.2541357,37.7744768
423,-122.2524238,37.773735
424,-122.2515876,37.7733715
425,-122.2507514,37.7730052
426,-122.2499106,37.7726421
427,-122.2470285,37.7713875
428,-122.2455654,37.7707583
429,-122.2441726,37.7701451
430,-122.2432339,37.7697391
431,-122.2395501,37.7681301
432,-122.2354803,37.7657204
433,-122.2347803,37.7653546
434,-122.2337966,37.7648387
435,-122.2330711,37.7644423
436,-122.2949535,37.7767524
437,-122.3033917,37.788795
438,-122.3035674,37.7866545
439,-122.3037158,37.7848445
440,-122.2430877,37.7537292
441,-122.2424905,37.7543484
442,-122.2415535,37.7554755
443,-122.2395539,37.7578814
444,-122.2384688,37.7592125
445,-122.234891,37.7635215
446,-122.2320496,37.7669416
447,-122.2314966,37.7675428
448,-122.2544039,37.7757269
449,-122.2535342,37.77535
450,-122.2518257,37.7746016
451,-122.2509928,37.7742378
452,-122.2501519,37.7738723
453,-122.2493111,37.7735114
454,-122.2464277,37.7722562
455,-122.2766063,37.7782091
456,-122.272543,37.7781161
457,-122.2692617,37.7780672
458,-122.2678188,37.7780207
459,-122.2657222,37.7779295
460,-122.2631276,37.7778104
461,-122.2346333,37.7667505
462,-122.2339159,37.7663745
463,-122.2714064,37.7694438
464,-122.2660105,37.7693166
465,-122.2635167,37.7692584
466,-122.2587799,37.7677566
467,-122.2570707,37.7670137
468,-122.2553943,37.7662804
469,-122.2545467,37.7659104
470,-122.2516738,37.7646618
471,-122.2488162,37.7634205
472,-122.2449214,37.7617266
473,-122.2503892,37.7543851
474,-122.2484259,37.7575556
475,-122.2463067,37.760076
476,-122.245616,37.7608974
477,-122.2442393,37.7625384
478,-122.2428468,37.7642073
479,-122.2381674,37.7697744
480,-122.2916112,37.7832945
481,-122.2726525,37.7753162
482,-122.2726275,37.7761566
483,-122.2715777,37.7661614
484,-122.2728167,37.7713279
485,-122.2727122,37.7741541
486,-122.3021213,37.7865785
487,-122.2635832,37.767468
488,-122.2599742,37.76602
489,-122.2582643,37.765279
490,-122.2565879,37.7645432
491,-122.2557437,37.7641806
492,-122.2528678,37.7629294
493,-122.2500122,37.761689
494,-122.249075,37.7612757
495,-122.248096,37.7608526
496,-122.2926359,37.7832561
497,-122.2423648,37.753322
498,-122.2418304,37.7529885
499,-122.2410734,37.752456
500,-122.229499,37.7674946
501,-122.2276725,37.7662912
502,-122.2258783,37.7630321
503,-122.2299782,37.7548477
504,-122.2664816,37.7820748
505,-122.2370133,37.7524472
506,-122.2352363,37.7540501
507,-122.2346427,37.7545895
508,-122.238827,37.7512867
509,-122.238658,37.7514452
510,-122.2679525,37.7749679
511,-122.2679008,37.7760353
512,-122.2853376,37.7687765
513,-122.2358494,37.7651035
514,-122.2352509,37.7647864
515,-122.2567341,37.7643339
516,-122.2559871,37.7654147
517,-122.2547981,37.7671491
518,-122.2535933,37.768883
519,-122.2519463,37.7712709
520,-122.2513456,37.7721397
521,-122.2495673,37.7747304
522,-122.2282344,37.7647869
523,-122.242049,37.7557316
524,-122.2416796,37.7561741
525,-122.2628904,37.7633261
526,-122.2690092,37.7647823
527,-122.2698441,37.7650898
528,-122.230079,37.7668007
529,-122.2282446,37.7657823
530,-122.2562024,37.7731208
531,-122.2556042,37.773991
532,-122.2382102,37.7508881
533,-122.2750724,37.7714002
534,-122.2844721,37.7804538
535,-122.2844563,37.7810743
536,-122.2844198,37.7817528
537,-122.2981598,37.7845639
538,-122.3022741,37.784778
539,-122.2447282,37.76043
540,-122.2706782,37.766143
541,-122.2695738,37.7658143
542,-122.2659622,37.7644694
543,-122.2620455,37.7630144
544,-122.2590067,37.7622421
545,-122.2583796,37.7621206
546,-122.2572169,37.7618922
547,-122.2562721,37.761592
548,-122.2546265,37.7609724
549,-122.2539918,37.760735
550,-122.2531976,37.7604001
551,-122.2527339,37.7601356
552,-122.2434728,37.7548645
553,-122.2412727,37.7535058
554,-122.240508,37.75297
555,-122.2889923,37.7764747
556,-122.2890435,37.7752036
557,-122.2859252,37.7744585
558,-122.2767702,37.7742424
559,-122.2657704,37.7601114
560,-122.2384881,37.7653972
561,-122.2381089,37.7658573
562,-122.2400836,37.7545769
563,-122.2394835,37.7551193
564,-122.238302,37.7561876
565,-122.2377101,37.7567281
566,-122.2364807,37.7578415
567,-122.2357021,37.7585431
568,-122.2342854,37.7598238
569,-122.232723,37.7612251
570,-122.2341513,37.7631388
571,-122.2313048,37.7665584
572,-122.2675844,37.7821392
573,-122.2288748,37.7652332
574,-122.2896059,37.7764975
575,-122.2396263,37.7513264
576,-122.2385303,37.7506173
577,-122.2939198,37.787699
578,-122.2948824,37.788139
579,-122.2255557,37.7612137
580,-122.237539,37.7556526
581,-122.2344645,37.7535189
582,-122.2867192,37.7785396
583,-122.2549672,37.7603013
584,-122.2691808,37.7645003
585,-122.2367825,37.7592979
586,-122.2349378,37.7580056
587,-122.2597429,37.7745752
588,-122.2602458,37.7738627
589,-122.2860538,37.7716602
590,-122.2858823,37.775385
591,-122.2858501,37.7763941
592,-122.2440225,37.7576375
593,-122.2576547,37.7636018
594,-122.2273403,37.7572313
595,-122.2257061,37.7598479
596,-122.2715439,37.7761281
597,-122.2714354,37.778946
598,-122.2485205,37.7566557
599,-122.3019554,37.7887187
600,-122.2654465,37.7654301
601,-122.2319657,37.7606934
602,-122.2768778,37.7714448
603,-122.276732,37.7751995
604,-122.2766918,37.7762548
605,-122.2273311,37.7561262
606,-122.2368717,37.7511108
607,-122.2356426,37.7524415
608,-122.2338715,37.7540554
609,-122.2329717,37.7548876
610,-122.2810714,37.7715432
611,-122.2636201,37.7664736
612,-122.2605723,37.7651515
613,-122.255853,37.7640184
614,-122.2551456,37.7650562
615,-122.2539539,37.766789
616,-122.2527577,37.7685199
617,-122.2511102,37.7709073
618,-122.2505114,37.771775
619,-122.248725,37.7743743
620,-122.2414677,37.756437
621,-122.2305868,37.766182
622,-122.2633008,37.7747919
623,-122.2632579,37.7758393
624,-122.2705929,37.7809866
625,-122.2533723,37.7594267
626,-122.2784592,37.7683991
627,-122.2687732,37.7671608
628,-122.2681721,37.761007
629,-122.2641196,37.7594928
630,-122.2567392,37.7567618
631,-122.2982417,37.7835603
632,-122.2979838,37.7867103
633,-122.2672061,37.7749361
634,-122.2754628,37.7762204
635,-122.2693512,37.7760767
636,-122.2658637,37.7759537
637,-122.259203,37.7754788
638,-122.2547338,37.7736104
639,-122.2530152,37.7728684
640,-122.252187,37.7725012
641,-122.247628,37.7705198
642,-122.2447735,37.7692811
643,-122.2565074,37.7632821
644,-122.2586116,37.7647807
645,-122.2576663,37.7661449
646,-122.2564701,37.7678783
647,-122.2552723,37.7696134
648,-122.2536228,37.7720008
649,-122.2512449,37.7754644
650,-122.2755197,37.7751656
651,-122.2694015,37.7750204
652,-122.2691031,37.7750103
653,-122.2684446,37.7749875
654,-122.2658614,37.7748819
655,-122.2553359,37.7727455
656,-122.2527845,37.7716366
657,-122.2482282,37.7696515
658,-122.2453703,37.7684112
659,-122.2358745,37.7640335
660,-122.231213,37.7613735
661,-122.259374,37.7668867
662,-122.2522671,37.7637951
663,-122.2494191,37.7625527
664,-122.244287,37.7601959
665,-122.2406241,37.7583103
666,-122.2369388,37.7561914
667,-122.2510715,37.7655301
668,-122.2498763,37.7672652
669,-122.2458415,37.7731183
670,-122.2550766,37.759558
671,-122.2678503,37.7807706
672,-122.27345,37.7799469
673,-122.2691433,37.7739905
674,-122.286185,37.7817702
675,-122.2292688,37.7554879
676,-122.2581798,37.7686279
677,-122.2482013,37.7642816
678,-122.2429843,37.7618235
679,-122.2394191,37.7597647
680,-122.2357129,37.7573053
681,-122.2391221,37.751477
682,-122.2656394,37.7831157
683,-122.2569788,37.770355
684,-122.2529401,37.776215
685,-122.250402,37.7751009
686,-122.2429814,37.7718832
687,-122.2420444,37.7714728
688,-122.2952802,37.7876941
689,-122.2508192,37.7605186
690,-122.2470243,37.7660224
691,-122.2713589,37.7703517
692,-122.2695913,37.7703057
693,-122.2859395,37.7683076
694,-122.2353868,37.7605512
695,-122.2425409,37.7559879
696,-122.2812114,37.7722613
697,-122.2298658,37.7658025
698,-122.2260287,37.7585333
699,-122.2287376,37.7559679
700,-122.2358957,37.7508659
701,-122.2451644,37.7529324
702,-122.2441927,37.7526105
703,-122.2414328,37.7517508
704,-122.2659314,37.7711543
705,-122.2597817,37.7710016
706,-122.2376891,37.7618504
707,-122.2335149,37.7592959
708,-122.2400716,37.7555275
709,-122.2387164,37.7545816
710,-122.2345296,37.7516494
711,-122.2452294,37.7542339
712,-122.2412525,37.7521013
713,-122.2409728,37.7520072
714,-122.2313655,37.7626545
715,-122.2970151,37.7891516
716,-122.255572,37.7626518
717,-122.2617586,37.764859
718,-122.3005572,37.7886481
719,-122.3081201,37.78904
720,-122.3096452,37.7762496
721,-122.2661004,37.7667913
722,-122.2735204,37.7805313
723,-122.2749112,37.7693351
724,-122.2501687,37.75968
725,-122.2781897,37.7886889
726,-122.2764259,37.7847086
727,-122.2760564,37.7846604
728,-122.2752026,37.785105
729,-122.2737929,37.7859386
730,-122.2781168,37.7859304
731,-122.278732,37.779754
732,-122.2744087,37.7790223
733,-122.2726964,37.7746973
734,-122.2765961,37.7855394
735,-122.27804,37.7820174
736,-122.2935452,37.7878073
737,-122.2355422,37.7671706
738,-122.2307804,37.768121
739,-122.2315839,37.7680276
740,-122.2395224,37.7665406
741,-122.2412792,37.766069
742,-122.2418893,37.7663316
743,-122.2420534,37.7660964
744,-122.2376905,37.7670081
745,-122.2378255,37.766742
746,-122.2342137,37.7511553
747,-122.2361259,37.7504067
748,-122.2385367,37.7515811
749,-122.2374954,37.7508181
750,-122.2327899,37.7523558
751,-122.2338032,37.7561497
752,-122.25902,37.7727931
753,-122.245621,37.7535786
754,-122.2490011,37.7567542
755,-122.2700056,37.7675266
756,-122.2715988,37.7669439
757,-122.2718619,37.7675466
758,-122.264884,37.7660418
759,-122.2636576,37.7655878
760,-122.2638333,37.7710589
761,-122.2715405,37.7676776
762,-122.2536849,37.7590378
763,-122.2930943,37.7877435
764,-122.2758618,37.78373
765,-122.2546645,37.7769383
766,-122.2555965,37.7770431
767,-122.2552804,37.7770753
768,-122.2761999,37.7837874
769,-122.2752316,37.7819546
770,-122.2750958,37.7815107
771,-122.283892,37.7848079
772,-122.2820161,37.785079
773,-122.2721617,37.7662963
774,-122.2721514,37.7659972
775,-122.2730552,37.7659027
776,-122.2728406,37.7657916
777,-122.2730057,37.7656786
778,-122.2380746,37.7668489
779,-122.2357706,37.7673219
780,-122.2445649,37.7548924
781,-122.2781562,37.7903771
782,-122.2324423,37.7671498
783,-122.2656584,37.7786631
784,-122.269543,37.7631351
785,-122.2699607,37.7647834
786,-122.2593499,37.7616266
787,-122.2896267,37.7770831
788,-122.2845467,37.7764301
789,-122.2829813,37.7753484
790,-122.2844339,37.7761673
791,-122.2556031,37.7755771
792,-122.255296,37.7760199
793,-122.2603451,37.7642011
794,-122.2600431,37.7642806
795,-122.2262266,37.7644875
796,-122.2372312,37.7515901
797,-122.2287742,37.7604458
798,-122.2264187,37.7588068
799,-122.2630928,37.7781561
800,-122.2699431,37.7811808
801,-122.2713978,37.7806111
802,-122.2726577,37.7800593
803,-122.2698823,37.7841102
804,-122.246981,37.7554151
805,-122.2380572,37.7514664
806,-122.2861492,37.784396
807,-122.2891643,37.7801692
808,-122.284036,37.7810688
809,-122.2904017,37.7811617
810,-122.2862105,37.7804695
811,-122.2882561,37.782634
812,-122.2831583,37.7810563
813,-122.289367,37.7811386
814,-122.2838995,37.7843715
815,-122.2904509,37.7821833
816,-122.2877274,37.7844245
817,-122.2908112,37.780472
818,-122.2839158,37.7837574
819,-122.2835117,37.7824384
820,-122.2908529,37.7838506
821,-122.2908633,37.7846921
822,-122.2908271,37.781167
823,-122.2827427,37.7807274
824,-122.2844037,37.7846694
825,-122.2879898,37.7817925
826,-122.2884338,37.7804696
827,-122.2839234,37.7831049
828,-122.2904355,37.7835143
829,-122.2823822,37.7803372
830,-122.2831093,37.7837775
831,-122.2903998,37.7846338
832,-122.2842667,37.7801427
833,-122.2896286,37.7844423
834,-122.2893579,37.7831634
835,-122.2822604,37.7840482
836,-122.2834792,37.7843646
837,-122.2823474,37.7819619
838,-122.2882232,37.784431
839,-122.2826896,37.7847852
840,-122.2839518,37.7804472
841,-122.2827215,37.7817245
842,-122.2878479,37.7811207
843,-122.2887616,37.784734
844,-122.2881345,37.780149
845,-122.2862046,37.7807736
846,-122.2823702,37.7810459
847,-122.2839504,37.7801411
848,-122.2823866,37.7800933
849,-122.2884228,37.7847314
850,-122.2882323,37.7838028
851,-122.2815669,37.785089
852,-122.2844149,37.7843775
853,-122.2891625,37.7804844
854,-122.2840732,37.7846648
855,-122.28968,37.7838366
856,-122.2861686,37.783451
857,-122.2823052,37.7848893
858,-122.2827358,37.7810517
859,-122.2831042,37.7840615
860,-122.2881961,37.7823718
861,-122.2880419,37.7847195
862,-122.2884091,37.7825012
863,-122.2908437,37.7825377
864,-122.2904181,37.780818
865,-122.2848997,37.7810801
866,-122.2887694,37.7844396
867,-122.2861636,37.7837852
868,-122.2904143,37.7804906
869,-122.2904401,37.7831895
870,-122.2827069,37.7843561
871,-122.286222,37.7801554
872,-122.2904216,37.7838437
873,-122.290446,37.7825335
874,-122.2861559,37.7841068
875,-122.2904113,37.7841571
876,-122.2884404,37.780155
877,-122.2908593,37.7844169
878,-122.2823377,37.782231
879,-122.2831507,37.7817338
880,-122.2882508,37.78316
881,-122.2861431,37.7846933
882,-122.2862005,37.7810972
883,-122.2818709,37.7843482
884,-122.2840255,37.7817435
885,-122.287723,37.7847151
886,-122.2819493,37.7840433
887,-122.2908167,37.7802329
888,-122.2904439,37.7828449
889,-122.2873701,37.7801448
890,-122.2899685,37.7811476
891,-122.2847388,37.7801554
892,-122.2850419,37.7801554
893,-122.2889684,37.7818046
894,-122.2840274,37.782584
895,-122.2841491,37.7823277
896,-122.2904098,37.7818223
897,-122.2899691,37.7818192
898,-122.2876517,37.7801469
899,-122.2850282,37.7804661
900,-122.2789032,37.7805139
901,-122.2861927,37.7814325
902,-122.283163,37.7888435
903,-122.2787273,37.7801629
904,-122.2787228,37.7803972
905,-122.2808961,37.7805482
906,-122.2784327,37.7801573
907,-122.2874072,37.7817853
908,-122.2797394,37.7805338
909,-122.2848991,37.7817543
910,-122.2973496,37.7714721
911,-122.2979654,37.7722041
912,-122.2980389,37.7716672
913,-122.3049085,37.7906927
914,-122.2958151,37.784262
915,-122.3031314,37.7902909
916,-122.3049627,37.7888764
917,-122.2913457,37.7809427
918,-122.2907635,37.7870546
919,-122.2946694,37.7857409
920,-122.2923999,37.7863933
921,-122.2908071,37.7741974
922,-122.2941689,37.7847007
923,-122.296251,37.7893513
924,-122.2935582,37.7791624
925,-122.2956954,37.7797866
926,-122.2900453,37.773537
927,-122.2927981,37.7736218
928,-122.285138,37.7869003
929,-122.2846482,37.7890294
930,-122.2781707,37.7853813
931,-122.2770252,37.7882033
932,-122.2784621,37.7881244
933,-122.2768826,37.7907949
934,-122.2772062,37.7847684
935,-122.2786134,37.7870055
936,-122.2772853,37.7882533
937,-122.272705,37.7825127
938,-122.2745784,37.7826364
939,-122.2761329,37.7879998
940,-122.2724476,37.7834985
941,-122.2626556,37.7786727
942,-122.2515588,37.7548214
943,-122.2506518,37.7582977
944,-122.2543524,37.7569511
945,-122.2510879,37.7577873
946,-122.2503463,37.755479
947,-122.2526249,37.759053
948,-122.2537258,37.7577324
949,-122.2491383,37.7579799
950,-122.2488858,37.7578278
951,-122.2539527,37.7557098
952,-122.2535618,37.7555661
953,-122.2534159,37.758937
954,-122.2545613,37.7575801
955,-122.2621479,37.7798564
956,-122.2621372,37.7799369
957,-122.2701275,37.7855734
958,-122.2368551,37.771121
959,-122.2937405,37.7893879
960,-122.2528938,37.7599611
961,-122.277334,37.7808606
962,-122.2777577,37.7809962
963,-122.2834477,37.7817361
964,-122.2837005,37.7810662
965,-122.2834577,37.7810609
966,-122.2810944,37.7710655
967,-122.3108882,37.7795997
968,-122.2957922,37.7784944
969,-122.2949101,37.7780938
970,-122.2947399,37.7795488
971,-122.2948748,37.7784045
972,-122.2830926,37.784934
973,-122.2885721,37.7688969
974,-122.2860475,37.7718952
975,-122.2886218,37.7818003
976,-122.2836168,37.7846594
977,-122.2823098,37.7846649
978,-122.2819069,37.7849053
979,-122.2601726,37.7624683
980,-122.2715298,37.7682252
981,-122.2719088,37.7662272
982,-122.2313932,37.753216
983,-122.231853,37.7530853
984,-122.2315701,37.7533417
985,-122.2307988,37.7532411
986,-122.2359426,37.7510282
987,-122.23364,37.7502445
988,-122.2890154,37.7838133
989,-122.2900106,37.7844474
990,-122.29001,37.7846498
991,-122.2775611,37.7836251
992,-122.2780415,37.7844655
993,-122.286709,37.7647545
994,-122.278781,37.7889872
995,-122.2802687,37.7898722
996,-122.2815075,37.7863231
997,-122.2977428,37.7828937
998,-122.3084717,37.7848167
999,-122.3100517,37.7848974
1000,-122.2736728,37.7789693
1001,-122.2533174,37.7756595
1002,-122.2832284,37.7900921
1003,-122.2872466,37.7903029
1004,-122.2785642,37.7877628
1005,-122.2797458,37.7851378
1006,-122.2804875,37.7887204
1007,-122.2788291,37.7877918
1008,-122.2796531,37.7874477
1009,-122.2808591,37.7889146
1010,-122.2797329,37.7862804
1011,-122.2809861,37.7874269
1012,-122.2773373,37.7710365
1013,-122.2797421,37.7856726
1014,-122.2784944,37.7863641
1015,-122.2788604,37.7869971
1016,-122.2828569,37.787102
1017,-122.2796696,37.7870169
1018,-122.284712,37.786902
1019,-122.2814808,37.7870612
1020,-122.2809997,37.7870494
1021,-122.2788424,37.7874449
1022,-122.2794627,37.7769086
1023,-122.2790235,37.7772887
1024,-122.2794465,37.7772989
1025,-122.2586982,37.7774949
1026,-122.2607777,37.7779825
1027,-122.2785935,37.7762959
1028,-122.2783717,37.7767998
1029,-122.2501624,37.7756052
1030,-122.2774634,37.7719148
1031,-122.2249526,37.7597906
1032,-122.237765,37.7707381
1033,-122.2376525,37.7709085
1034,-122.2385069,37.7710588
1035,-122.2383828,37.7712368
1036,-122.2390107,37.7712783
1037,-122.2394527,37.7714713
1038,-122.2388884,37.7714599
1039,-122.2496026,37.7750373
1040,-122.2498816,37.7751616
1041,-122.2497166,37.7754167
1042,-122.2491455,37.7762675
1043,-122.2455243,37.7669249
1044,-122.2452614,37.7672942
1045,-122.2793367,37.7704936
1046,-122.2528542,37.7774339
1047,-122.2526971,37.7776623
1048,-122.28206,37.7769339
1049,-122.2817818,37.7771518
1050,-122.2812235,37.7773406
1051,-122.2817695,37.777353
1052,-122.2773377,37.774709
1053,-122.2455214,37.7653736
1054,-122.2440345,37.7662772
1055,-122.2444292,37.7664462
1056,-122.2440558,37.7669241
1057,-122.2513584,37.7694644
1058,-122.2509266,37.7700687
1059,-122.2426126,37.7683397
1060,-122.2774386,37.7757969
1061,-122.2774691,37.7767049
1062,-122.2780104,37.7768475
1063,-122.2779981,37.7772634
1064,-122.2772422,37.7825734
1065,-122.2780251,37.7826262
1066,-122.2763551,37.7718853
1067,-122.277472,37.7729133
1068,-122.2789234,37.7733807
1069,-122.2787649,37.7737426
1070,-122.2772508,37.7739129
1071,-122.2443823,37.7623705
1072,-122.244471,37.7643286
1073,-122.2467867,37.7647858
1074,-122.2847059,37.7679242
1075,-122.2757572,37.7781884
1076,-122.2756307,37.779036
1077,-122.2756601,37.7801032
1078,-122.2809024,37.7773333
1079,-122.2840443,37.7769138
1080,-122.2842445,37.7769176
1081,-122.2844569,37.7769257
1082,-122.2837652,37.7771003
1083,-122.2841525,37.7774174
1084,-122.2841747,37.770751
1085,-122.2841557,37.7716139
1086,-122.2640536,37.7823065
1087,-122.2631873,37.7822991
1088,-122.2651936,37.7823128
1089,-122.2693717,37.7831866
1090,-122.2714789,37.7856776
1091,-122.2651553,37.7825403
1092,-122.2710286,37.7815796
1093,-122.2612751,37.7781571
1094,-122.2914194,37.7901067
1095,-122.2905746,37.7901235
1096,-122.2924838,37.7903227
1097,-122.2914705,37.7914472
1098,-122.2916382,37.790833
1099,-122.2921398,37.7913458
1100,-122.2924852,37.790101
1101,-122.2915361,37.7904941
1102,-122.2920102,37.7907808
1103,-122.2936176,37.7911218
1104,-122.2935894,37.7896847
1105,-122.2943185,37.7904393
1106,-122.2935552,37.790433
1107,-122.2827844,37.7891066
1108,-122.2827586,37.7900916
1109,-122.2516969,37.7780169
1110,-122.2926731,37.7891779
1111,-122.29178,37.7892984
1112,-122.2924895,37.7893453
1113,-122.2888841,37.7901207
1114,-122.2542549,37.7635316
1115,-122.2545492,37.762615
1116,-122.2535462,37.7632247
1117,-122.2533075,37.7622884
1118,-122.2541627,37.7624595
1119,-122.2539011,37.7625643
1120,-122.2885178,37.7711398
1121,-122.289684,37.7711356
1122,-122.2780909,37.7899956
1123,-122.2827571,37.7897058
1124,-122.2815284,37.789677
1125,-122.290039,37.7765083
1126,-122.2715958,37.7664455
1127,-122.2265206,37.7631513
1128,-122.2267502,37.7633364
1129,-122.2532719,37.7779228
1130,-122.2537324,37.7781201
1131,-122.2809917,37.7863085
1132,-122.2774465,37.7848123
1133,-122.2782308,37.7856466
1134,-122.2765725,37.7792352
1135,-122.2765876,37.7787603
1136,-122.2763348,37.7792363
1137,-122.2747781,37.7829908
1138,-122.2930875,37.7883381
1139,-122.2989357,37.7898784
1140,-122.2895708,37.7811428
1141,-122.2895412,37.7818132
1142,-122.2890211,37.7831678
1143,-122.2893453,37.7838326
1144,-122.3012859,37.7882611
1145,-122.2988197,37.7885581
1146,-122.2957608,37.7871709
1147,-122.2955408,37.7870776
1148,-122.2730587,37.7685169
1149,-122.2276895,37.7569188
1150,-122.2291407,37.7578913
1151,-122.3006125,37.7815725
1152,-122.3023454,37.781664
1153,-122.3003766,37.7815601
1154,-122.3002663,37.7826663
1155,-122.3021153,37.7831237
1156,-122.3000647,37.7830175
1157,-122.3083813,37.7859032
1158,-122.2723002,37.7859355
1159,-122.271545,37.7859575
1160,-122.2719021,37.7865681
1161,-122.2746959,37.787435
1162,-122.2745396,37.7876543
1163,-122.2750439,37.7879765
1164,-122.2754355,37.7881821
1165,-122.2901703,37.7733419
1166,-122.2419884,37.77328
1167,-122.2450733,37.7634499
1168,-122.3013102,37.7857518
1169,-122.3021449,37.7863172
1170,-122.2361676,37.7681318
1171,-122.2364986,37.7677224
1172,-122.2957677,37.7847694
1173,-122.2728187,37.7808806
1174,-122.2713601,37.7820306
1175,-122.3084562,37.7850031
1176,-122.3076633,37.7850279
1177,-122.3075328,37.7862004
1178,-122.2909133,37.7771552
1179,-122.290481,37.7771417
1180,-122.2909304,37.7769376
1181,-122.2904918,37.7769239
1182,-122.290954,37.7767087
1183,-122.2900151,37.7771169
1184,-122.2719683,37.7807648
1185,-122.3007208,37.7866712
1186,-122.3007585,37.7862134
1187,-122.2688545,37.7800637
1188,-122.3023638,37.7836277
1189,-122.3047856,37.7836128
1190,-122.3085541,37.783827
1191,-122.300178,37.7838841
1192,-122.3001023,37.784665
1193,-122.2545166,37.7775294
1194,-122.2878705,37.7676211
1195,-122.2880815,37.7677178
1196,-122.2875795,37.7682102
1197,-122.2805669,37.7701731
1198,-122.2648612,37.7786685
1199,-122.2980002,37.7865173
1200,-122.2765838,37.7790339
1201,-122.272339,37.7857689
1202,-122.2759196,37.7899913
1203,-122.2859465,37.769259
1204,-122.2988531,37.7896063
1205,-122.2978884,37.7894134
1206,-122.2752637,37.7776493
1207,-122.2751171,37.7763961
1208,-122.2751136,37.7762111
1209,-122.2683151,37.7806733
1210,-122.2517787,37.7592818
1211,-122.2516127,37.759469
1212,-122.2527352,37.7552572
1213,-122.2327921,37.7689617
1214,-122.2334324,37.7684565
1215,-122.2332875,37.7573852
1216,-122.2326982,37.7672419
1217,-122.3066954,37.7889662
1218,-122.3067166,37.7887163
1219,-122.3072144,37.7889931
1220,-122.3060938,37.7892695
1221,-122.3067436,37.7893066
1222,-122.3060663,37.7897432
1223,-122.3019758,37.7901187
1224,-122.2958417,37.7853999
1225,-122.2967604,37.7862478
1226,-122.2963461,37.7862383
1227,-122.297671,37.7863019
1228,-122.2980174,37.7863132
1229,-122.2988927,37.7877863
1230,-122.3011056,37.7852123
1231,-122.3006523,37.7846936
1232,-122.3015817,37.7867364
1233,-122.3069112,37.7867301
1234,-122.3069703,37.786172
1235,-122.3065062,37.7866718
1236,-122.3064592,37.7861462
1237,-122.3060904,37.7866538
1238,-122.3061335,37.7861297
1239,-122.3052482,37.7865679
1240,-122.3053036,37.7860878
1241,-122.3048164,37.786588
1242,-122.3048554,37.7860325
1243,-122.3043779,37.786569
1244,-122.309588,37.7822329
1245,-122.3095506,37.7827767
1246,-122.3086454,37.7827291
1247,-122.3003632,37.7733355
1248,-122.3002077,37.7733311
1249,-122.2995605,37.7739654
1250,-122.2999614,37.7734507
1251,-122.2761764,37.7781986
1252,-122.2765997,37.7784027
1253,-122.2762026,37.7783916
1254,-122.2775593,37.7708826
1255,-122.2768241,37.7728878
1256,-122.2762184,37.7733145
1257,-122.2683399,37.7804649
1258,-122.272259,37.7823715
1259,-122.2727259,37.7821731
1260,-122.2751686,37.7808051
1261,-122.2719672,37.7817435
1262,-122.2712854,37.7814469
1263,-122.2716245,37.7819056
1264,-122.2736569,37.7835001
1265,-122.2743701,37.7848666
1266,-122.2751056,37.7843457
1267,-122.2724943,37.7843573
1268,-122.2717006,37.7845615
1269,-122.274093,37.7861524
1270,-122.2985817,37.7827862
1271,-122.2979878,37.7822812
1272,-122.2863856,37.7789046
1273,-122.2865063,37.7790011
1274,-122.2865896,37.779637
1275,-122.2870911,37.7785509
1276,-122.2846663,37.7867703
1277,-122.2895539,37.787916
1278,-122.2897942,37.7879203
1279,-122.2898138,37.7870039
1280,-122.2905913,37.788323
1281,-122.2917563,37.7853588
1282,-122.2931146,37.7851468
1283,-122.292552,37.7854148
1284,-122.2930969,37.7854508
1285,-122.297874,37.781591
1286,-122.2987211,37.7812376
1287,-122.2986358,37.782114
1288,-122.2800837,37.7769012
1289,-122.2801428,37.7791898
1290,-122.2797753,37.7782888
1291,-122.2801776,37.7783036
1292,-122.2808529,37.7768843
1293,-122.2814094,37.7771864
1294,-122.2831509,37.7711928
1295,-122.2837555,37.771605
1296,-122.2795674,37.7707391
1297,-122.27972,37.7709314
1298,-122.2867329,37.7712628
1299,-122.2907308,37.7726452
1300,-122.2938971,37.7737996
1301,-122.2937699,37.7752518
1302,-122.291335,37.7797466
1303,-122.2909038,37.7797526
1304,-122.2924098,37.7793678
1305,-122.2924373,37.7791198
1306,-122.29152,37.7790859
1307,-122.2913058,37.7793192
1308,-122.2917044,37.7847703
1309,-122.2927116,37.7831625
1310,-122.2927176,37.7826478
1311,-122.2959235,37.78326
1312,-122.2847796,37.7674424
1313,-122.2850467,37.7676485
1314,-122.2779393,37.7712331
1315,-122.2796774,37.7685394
1316,-122.2798558,37.7692656
1317,-122.2798638,37.7691023
1318,-122.2798225,37.7687069
1319,-122.2798209,37.7689444
1320,-122.2793569,37.7695147
1321,-122.2784485,37.7686741
1322,-122.2781028,37.7695891
1323,-122.2863655,37.769184
1324,-122.2867215,37.7688955
1325,-122.2874838,37.7658643
1326,-122.2755847,37.7714135
1327,-122.2626467,37.7607179
1328,-122.3076995,37.7837756
1329,-122.2423019,37.7639761
1330,-122.3046543,37.7849287
1331,-122.2935377,37.7713275
1332,-122.2934681,37.7719552
1333,-122.2327808,37.7677372
1334,-122.2328903,37.7678044
1335,-122.2331886,37.7679432
1336,-122.2605384,37.7707801
1337,-122.2603659,37.7710168
1338,-122.2768852,37.7712283
1339,-122.3058174,37.7889207
1340,-122.3058301,37.7886725
1341,-122.2986775,37.7877754
1342,-122.2984603,37.7877645
1343,-122.2631579,37.7770682
1344,-122.2628353,37.776813
1345,-122.2913988,37.7846873
1346,-122.2917226,37.7848965
1347,-122.2449786,37.7628782
1348,-122.2570598,37.7774017
1349,-122.2576404,37.7770471
1350,-122.2562353,37.7771333
1351,-122.25765,37.7763165
1352,-122.2570966,37.7771224
1353,-122.2563845,37.7769103
1354,-122.2582359,37.7767106
1355,-122.2579286,37.7773073
1356,-122.2580105,37.7770184
1357,-122.2727902,37.7686128
1358,-122.3042464,37.788263
1359,-122.3042542,37.7888397
1360,-122.3077285,37.7834057
1361,-122.3081169,37.7892578
1362,-122.236416,37.7512869
1363,-122.2902788,37.7794834
1364,-122.2867155,37.7775722
1365,-122.2874276,37.7884449
1366,-122.2912887,37.7890586
1367,-122.2912965,37.7893858
1368,-122.2964841,37.7789958
1369,-122.2925198,37.7827438
1370,-122.2949284,37.7843867
1371,-122.2950097,37.7841101
1372,-122.2946709,37.7847173
1373,-122.3010854,37.787473
1374,-122.2756916,37.7893808
1375,-122.2735304,37.7840776
1376,-122.273897,37.7841165
1377,-122.2776155,37.7842921
1378,-122.2802256,37.7815734
1379,-122.2808701,37.7815846
1380,-122.2804834,37.7810638
1381,-122.2808795,37.7810731
1382,-122.2507112,37.7550746
1383,-122.2465441,37.7550713
1384,-122.2458831,37.7578645
1385,-122.2598212,37.7613743
1386,-122.2545196,37.7593505
1387,-122.2850963,37.7645633
1388,-122.2854961,37.7646427
1389,-122.2850541,37.7647159
1390,-122.2855552,37.7644566
1391,-122.2876798,37.7664583
1392,-122.293036,37.7752113
1393,-122.2992264,37.7752479
1394,-122.3005988,37.7724057
1395,-122.3005796,37.7729328
1396,-122.275013,37.7776475
1397,-122.2749956,37.7771893
1398,-122.2770689,37.7774599
1399,-122.2762656,37.7777376
1400,-122.2761235,37.7776348
1401,-122.2759089,37.7772116
1402,-122.2749071,37.7787255
1403,-122.2768966,37.7781271
1404,-122.2770113,37.7777249
1405,-122.2775075,37.7776591
1406,-122.2766792,37.7766309
1407,-122.2763099,37.7765154
1408,-122.2766667,37.7769214
1409,-122.2776631,37.7770125
1410,-122.277938,37.7766839
1411,-122.2779513,37.7762812
1412,-122.2777864,37.7767295
1413,-122.2784744,37.7757744
1414,-122.2784743,37.775242
1415,-122.2781968,37.7758052
1416,-122.278245,37.7762879
1417,-122.2768873,37.775679
1418,-122.2757345,37.7758995
1419,-122.2754732,37.775892
1420,-122.2762978,37.7754151
1421,-122.2763097,37.7751878
1422,-122.2750533,37.7756324
1423,-122.2749072,37.7751487
1424,-122.277773,37.7728158
1425,-122.2778055,37.7718516
1426,-122.275115,37.7702218
1427,-122.2763335,37.7723741
1428,-122.2781767,37.7728582
1429,-122.2772505,37.7718907
1430,-122.2768658,37.7718827
1431,-122.2793032,37.7768111
1432,-122.2796064,37.7763185
1433,-122.2801427,37.7726426
1434,-122.2801468,37.7722424
1435,-122.279017,37.7721252
1436,-122.2789944,37.7724359
1437,-122.2804147,37.7704857
1438,-122.2802058,37.7701677
1439,-122.283572,37.7730893
1440,-122.2836415,37.7734911
1441,-122.2833627,37.7731413
1442,-122.2833559,37.7734847
1443,-122.2869784,37.7707677
1444,-122.286973,37.7703234
1445,-122.2844423,37.7704465
1446,-122.2845216,37.7716273
1447,-122.2829551,37.776915
1448,-122.2827914,37.7771371
1449,-122.2832152,37.7768016
1450,-122.2833508,37.7764015
1451,-122.2863346,37.7749296
1452,-122.2863178,37.7753602
1453,-122.287264,37.7758772
1454,-122.287216,37.7753834
1455,-122.2848849,37.7763742
1456,-122.2842224,37.7767253
1457,-122.2857808,37.7768249
1458,-122.2868054,37.7768546
1459,-122.2876261,37.7768694
1460,-122.2876032,37.7771819
1461,-122.2597181,37.7718733
1462,-122.2579293,37.7738747
1463,-122.2628265,37.7706452
1464,-122.2498802,37.7688211
1465,-122.2491304,37.7694018
1466,-122.2487923,37.7698992
1467,-122.2548737,37.7774387
1468,-122.2540459,37.7779488
1469,-122.2538395,37.7778596
1470,-122.2584061,37.7744663
1471,-122.2586159,37.7741731
1472,-122.2523004,37.775508
1473,-122.2514572,37.7751417
1474,-122.2551902,37.7772988
1475,-122.2551593,37.775379
1476,-122.2548683,37.7758327
1477,-122.2545974,37.7762775
1478,-122.2533824,37.7773804
1479,-122.2634594,37.7785273
1480,-122.2497314,37.770307
1481,-122.2376865,37.7673755
1482,-122.2397861,37.7660869
1483,-122.2419504,37.7644878
1484,-122.2419897,37.7671962
1485,-122.2421059,37.7670128
1486,-122.2413974,37.7693973
1487,-122.2416444,37.7690442
1488,-122.2450548,37.7656393
1489,-122.2452725,37.765747
1490,-122.2431376,37.7669254
1491,-122.2972099,37.7845926
1492,-122.3101616,37.7870934
1493,-122.3062608,37.7886938
1494,-122.2818835,37.7872065
1495,-122.2818567,37.7881074
1496,-122.2828479,37.7874118
1497,-122.2818781,37.7873866
1498,-122.2828275,37.7879123
1499,-122.2818629,37.7878996
1500,-122.2817695,37.7890805
1501,-122.2818006,37.7882631
1502,-122.2824376,37.7881932
1503,-122.2828046,37.7885501
1504,-122.2824182,37.7885386
1505,-122.2817849,37.7885228
1506,-122.2828992,37.7860738
1507,-122.2819548,37.7860546
1508,-122.282869,37.7867782
1509,-122.2819304,37.7867618
1510,-122.2815413,37.7890755
1511,-122.2827717,37.7894178
1512,-122.2815361,37.7893892
1513,-122.280892,37.7896253
1514,-122.2811731,37.7891749
1515,-122.2363737,37.7611483
1516,-122.2365084,37.7615732
1517,-122.2305579,37.7683916
1518,-122.2807478,37.771854
1519,-122.2374094,37.76699
1520,-122.239988,37.7671322
1521,-122.2345988,37.7687169
1522,-122.2344466,37.7690195
1523,-122.2383463,37.7695614
1524,-122.2370839,37.7712777
1525,-122.2453051,37.7652775
1526,-122.2448377,37.7670539
1527,-122.2449952,37.7671242
1528,-122.2428794,37.7673257
1529,-122.2504983,37.7549894
1530,-122.2525274,37.755556
1531,-122.2534934,37.7576234
1532,-122.2512561,37.759255
1533,-122.262861,37.761629
1534,-122.2409823,37.7693831
1535,-122.2412091,37.7694819
1536,-122.2583216,37.7724909
1537,-122.2677821,37.7785586
1538,-122.299662,37.7755257
1539,-122.2828202,37.7855847
1540,-122.2827741,37.7849961
1541,-122.2823063,37.7855713
1542,-122.2454537,37.7729562
1543,-122.2459808,37.7721799
1544,-122.2458671,37.7723455
1545,-122.24564,37.7722475
1546,-122.2456379,37.7726806
1547,-122.2450682,37.7725289
1548,-122.2453102,37.7721044
1549,-122.2450547,37.7719944
1550,-122.2448436,37.7722986
1551,-122.277389,37.7901107
1552,-122.2769138,37.7901235
1553,-122.2831624,37.792044
1554,-122.2626016,37.7767991
1555,-122.3000561,37.7723416
1556,-122.2997723,37.7723272
1557,-122.2916439,37.7817336
1558,-122.281919,37.7869502
1559,-122.2592533,37.7737688
1560,-122.2586697,37.7734943
1561,-122.28188,37.7753734
1562,-122.2851736,37.7764345
1563,-122.2816533,37.775311
1564,-122.3087094,37.7807014
1565,-122.3093495,37.77962
1566,-122.246261,37.7538174
1567,-122.2474377,37.754458
1568,-122.2471965,37.768492
1569,-122.225335,37.757811
1570,-122.2254945,37.757852
1571,-122.2263637,37.758129
1572,-122.2256716,37.7576485
1573,-122.2457708,37.768585
1574,-122.2461142,37.7680691
1575,-122.2862989,37.7898805
1576,-122.2863048,37.7892457
1577,-122.2882797,37.7886001
1578,-122.282405,37.7889931
1579,-122.2807506,37.7898495
1580,-122.2633393,37.7737913
1581,-122.2628313,37.7737826
1582,-122.2254619,37.7634251
1583,-122.2672307,37.7698201
1584,-122.2667724,37.7670656
1585,-122.2957399,37.7791167
1586,-122.2972815,37.7791867
1587,-122.2973952,37.7799197
1588,-122.2787745,37.7899888
1589,-122.2927278,37.7801243
1590,-122.2973318,37.7803481
1591,-122.2913468,37.7813021
1592,-122.2926287,37.7813467
1593,-122.296003,37.7814396
1594,-122.2938163,37.7813295
1595,-122.2939031,37.7801909
1596,-122.2947581,37.7813802
1597,-122.2959646,37.781855
1598,-122.3021694,37.7838862
1599,-122.2324039,37.7559223
1600,-122.290865,37.7901147
1601,-122.2908116,37.7894335
1602,-122.2469707,37.7696331
1603,-122.2870403,37.7683218
1604,-122.2849935,37.7758521
1605,-122.2849785,37.7762671
1606,-122.2745025,37.774197
1607,-122.2745219,37.7737803
1608,-122.3087389,37.7818328
1609,-122.3105945,37.7819226
1610,-122.2866002,37.7903099
1611,-122.2883023,37.7901569
1612,-122.2314873,37.7559008
1613,-122.2317248,37.7556936
1614,-122.2310812,37.7556174
1615,-122.2306801,37.7559717
1616,-122.2329031,37.7563116
1617,-122.2780751,37.7890806
1618,-122.2775898,37.7898871
1619,-122.279048,37.7895484
1620,-122.2426862,37.7632231
1621,-122.2422092,37.7630867
1622,-122.2575322,37.7755338
1623,-122.257485,37.7755128
1624,-122.2257478,37.7628433
1625,-122.2252779,37.7630097
1626,-122.2475015,37.7686131
1627,-122.2948661,37.7853093
1628,-122.2486872,37.7732389
1629,-122.2484261,37.7736087
1630,-122.2495215,37.7637248
1631,-122.2492936,37.7640694
1632,-122.2947978,37.7791247
1633,-122.294069,37.7790907
1634,-122.2942485,37.7780478
1635,-122.2949377,37.7777094
1636,-122.2940818,37.7776315
1637,-122.2926409,37.7773328
1638,-122.2933205,37.779079
1639,-122.2933386,37.77941
1640,-122.2935847,37.7794094
1641,-122.2930103,37.7795306
1642,-122.2445555,37.771415
1643,-122.2863945,37.7653011
1644,-122.2867326,37.7703238
1645,-122.2867347,37.770751
1646,-122.2831264,37.7719143
1647,-122.2520057,37.7778271
1648,-122.2522505,37.777468
1649,-122.250095,37.7662361
1650,-122.2498662,37.766588
1651,-122.2467377,37.7694522
1652,-122.2449644,37.7623033
1653,-122.2739336,37.7771728
1654,-122.2739222,37.777562
1655,-122.2773319,37.7815826
1656,-122.2771535,37.7809992
1657,-122.2925883,37.7816874
1658,-122.2982106,37.777308
1659,-122.2981118,37.778468
1660,-122.225254,37.7594856
1661,-122.2257477,37.7595022
1662,-122.242294,37.7687578
1663,-122.2468336,37.7582208
1664,-122.2467614,37.7584652
1665,-122.2446625,37.758216
1666,-122.2442864,37.7580282
1667,-122.2438186,37.7592371
1668,-122.2434228,37.759025
1669,-122.2430657,37.7601437
1670,-122.2425429,37.759761
1671,-122.2495302,37.769343
1672,-122.2500682,37.7694717
1673,-122.2501878,37.7689553
1674,-122.2520076,37.7688642
1675,-122.2317059,37.7566365
1676,-122.2317339,37.7568212
1677,-122.2320748,37.7567618
1678,-122.2514324,37.7623072
1679,-122.2516777,37.7619465
1680,-122.2384939,37.7608809
1681,-122.2391999,37.7612414
1682,-122.2386045,37.7696648
1683,-122.2863903,37.7900535
1684,-122.2848394,37.7831142
1685,-122.2465852,37.7666528
1686,-122.2778227,37.7852837
1687,-122.2472174,37.7669135
1688,-122.2578277,37.7668384
1689,-122.2578744,37.7667176
1690,-122.3191607,37.7924374
1691,-122.3191644,37.7935169
1692,-122.2695491,37.7681828
1693,-122.2741179,37.7751324
1694,-122.2740184,37.7759504
1695,-122.2947189,37.7818036
1696,-122.2915815,37.7816339
1697,-122.291777,37.7813208
1698,-122.2923903,37.7807437
1699,-122.2929599,37.7810839
1700,-122.2930216,37.7803489
1701,-122.2929959,37.7806553
1702,-122.2938534,37.7808357
1703,-122.2935666,37.7808204
1704,-122.2935998,37.7803838
1705,-122.293544,37.7811225
1706,-122.2951917,37.7814004
1707,-122.2952082,37.7812129
1708,-122.2866024,37.7798933
1709,-122.3014254,37.7740051
1710,-122.2907539,37.7693413
1711,-122.2775227,37.7809948
1712,-122.2781673,37.7813067
1713,-122.2785426,37.7709641
1714,-122.2763335,37.7755512
1715,-122.2984609,37.7811578
1716,-122.3101736,37.786859
1717,-122.3102205,37.7862697
1718,-122.3097839,37.782789
1719,-122.305724,37.7819038
1720,-122.285008,37.7837721
1721,-122.2744085,37.7869582
1722,-122.250275,37.7705448
1723,-122.2513888,37.7640797
1724,-122.2511435,37.7644311
1725,-122.2841857,37.7793919
1726,-122.2841855,37.779567
1727,-122.2808908,37.7776062
1728,-122.2613003,37.7778894
1729,-122.2796031,37.7915139
1730,-122.2799726,37.7915716
1731,-122.2800312,37.7913029
1732,-122.2805413,37.7913779
1733,-122.2800004,37.7903227
1734,-122.280556,37.790696
1735,-122.280198,37.7906784
1736,-122.2797136,37.7908054
1737,-122.2791271,37.79105
1738,-122.2793545,37.7906686
1739,-122.2796026,37.7902185
1740,-122.2793506,37.7900965
1741,-122.2791269,37.7896384
1742,-122.2788827,37.7899829
1743,-122.2789144,37.7905528
1744,-122.2787496,37.7911066
1745,-122.2819786,37.7900955
1746,-122.2820021,37.7913917
1747,-122.2816108,37.7906294
1748,-122.280777,37.7906271
1749,-122.3033256,37.7836777
1750,-122.2820129,37.791695
1751,-122.2829571,37.791678
1752,-122.2823452,37.791385
1753,-122.2823244,37.7904979
1754,-122.2816228,37.791135
1755,-122.2819975,37.7911334
1756,-122.2807991,37.7911385
1757,-122.2889513,37.7711382
1758,-122.2886603,37.7712465
1759,-122.2774476,37.7712661
1760,-122.2774391,37.7714558
1761,-122.2258814,37.756192150000004
1762,-122.2964021,37.77211505
1763,-122.3020657,37.787255099999996
1764,-122.2768977,37.77092858
1765,-122.2765433,37.7796946
1766,-122.2362116,37.751887350000004
1767,-122.2634509,37.77100315
1768,-122.2783988,37.77147705
1769,-122.2978358,37.782010549999995
1770,-122.2407338,37.766592849999995
1771,-122.2979004,37.787040499999996
1772,-122.2903707,37.77374595
1773,-122.2321666,37.7528805
1774,-122.2733728,37.78204735
1775,-122.233062,37.7674045
1776,-122.2309127,37.7540023
1777,-122.3006785,37.78718385
1778,-122.2336697,37.75165235
1779,-122.2759762,37.7701741
1780,-122.2748552,37.786592
1781,-122.2374401,37.766782899999995
1782,-122.2747003,37.785322
1783,-122.2728924,37.7848488
1784,-122.2757601,37.77976436666666
1785,-122.2934658,37.78830735
1786,-122.239936,37.7665628
1787,-122.2400941,37.7662495
1788,-122.2316504,37.753384
1789,-122.2347516,37.75140583333334
1790,-122.2352676,37.7671881
1791,-122.2325829,37.7552016
1792,-122.3025731,37.78989156666666
1793,-122.3024022,37.79020166666667
1794,-122.2802502,37.7793512
1795,-122.2541742,37.75918405
1796,-122.2719808,37.76518655
1797,-122.272928,37.765358899999995
1798,-122.2331608,37.76770483
1799,-122.2503207,37.7586918
1800,-122.2645429,37.774836449999995
1801,-122.2541941,37.7760543
1802,-122.2636021,37.779692833333335
1803,-122.2767138,37.78966915
1804,-122.2877994,37.7837976
1805,-122.284908,37.7843865
1806,-122.2886731,37.78380845
1807,-122.2843478,37.78376235
1808,-122.2886868,37.7831646
1809,-122.2873884,37.7804487
1810,-122.2883329,37.781125200000005
1811,-122.2822893,37.78435605
1812,-122.2856997,37.783772133333336
1813,-122.2904041,37.7844315
1814,-122.2826551,37.7824275
1815,-122.2827153,37.782019149999996
1816,-122.28275,37.78038665
1817,-122.2856792,37.784389700000006
1818,-122.2978369,37.7884495
1819,-122.2830928,37.78469475
1820,-122.2862048,37.783130650000004
1821,-122.3045074,37.78591
1822,-122.3026324,37.7895668
1823,-122.2439849,37.7622344
1824,-122.2867186,37.77179805
1825,-122.2671663,37.7693405
1826,-122.2746482,37.786797699999994
1827,-122.2766133,37.7880856
1828,-122.2753474,37.78766715
1829,-122.2718309,37.7826712
1830,-122.276732,37.788529600000004
1831,-122.2711353,37.78322885
1832,-122.2752117,37.7824834
1833,-122.271364,37.7847229
1834,-122.2732181,37.782560366666665
1835,-122.271968,37.7853683
1836,-122.2785487,37.78480485
1837,-122.2492533,37.75763225
1838,-122.2495165,37.7571024
1839,-122.2523249,37.759311000000004
1840,-122.2508569,37.75566755
1841,-122.2511934,37.75516233333333
1842,-122.2497282,37.75508176666667
1843,-122.2492949,37.756872
1844,-122.2630532,37.779929
1845,-122.2509676,37.75852798333333
1846,-122.2981768,37.7843445
1847,-122.2837288,37.7817421
1848,-122.2956487,37.77954295
1849,-122.2766212,37.78339536666667
1850,-122.2429866,37.7621507
1851,-122.2872301,37.76495075
1852,-122.2818505,37.78465955
1853,-122.2626676,37.761917999999994
1854,-122.2632382,37.7609925
1855,-122.2730738,37.7649879
1856,-122.2983028,37.782849549999995
1857,-122.2755295,37.78971315
1858,-122.2868642,37.76530756666667
1859,-122.2877101,37.7656904
1860,-122.2917021,37.7716287
1861,-122.2909354,37.7714968
1862,-122.2917811,37.7707681
1863,-122.2909546,37.7708846
1864,-122.2917504,37.77110315
1865,-122.2398444,37.767643250000006
1866,-122.2390757,37.7671858
1867,-122.2304184,37.7535942
1868,-122.2972343,37.784312
1869,-122.3082031,37.7880436
1870,-122.278145,37.770822779999996
1871,-122.2430628,37.76653725
1872,-122.2428054,37.76675095
1873,-122.2789305,37.776894999999996
1874,-122.2783448,37.77055216666667
1875,-122.2768596,37.7708199
1876,-122.253254,37.777606633333335
1877,-122.2772619,37.77239016666667
1878,-122.2827678,37.77743942857143
1879,-122.2455643,37.76474963333334
1880,-122.2793255,37.7697951
1881,-122.252397,37.7780875
1882,-122.2812468,37.776985100000005
1883,-122.2772353,37.77521125
1884,-122.2775582,37.7762722
1885,-122.2773561,37.7733439
1886,-122.2444429,37.76211503333334
1887,-122.2449028,37.7625269
1888,-122.2845151,37.7794753
1889,-122.2841483,37.7771099
1890,-122.265709,37.783531366666665
1891,-122.2766253,37.7776467
1892,-122.2766139,37.777984
1893,-122.2710308,37.7840195
1894,-122.2734145,37.78628668
1895,-122.253437,37.7776857
1896,-122.2758502,37.77863525
1897,-122.274866,37.779267250000004
1898,-122.3006713,37.78828583
1899,-122.3006463,37.78757276666667
1900,-122.3006153,37.7879468
1901,-122.2993097,37.7872184
1902,-122.2987877,37.78711403
1903,-122.295652,37.78978695
1904,-122.2944065,37.789832200000006
1905,-122.2996988,37.787134249999994
1906,-122.3082826,37.787088600000004
1907,-122.2752163,37.788745950000006
1908,-122.2727465,37.780246700000006
1909,-122.3037207,37.7836982
1910,-122.2872057,37.7680191
1911,-122.2805876,37.77153106666666
1912,-122.3014038,37.7830127
1913,-122.2745717,37.7762915
1914,-122.2761566,37.776238533333334
1915,-122.2771644,37.778779416666666
1916,-122.3061543,37.788986566666665
1917,-122.2985798,37.78465
1918,-122.3003504,37.787928199999996
1919,-122.2981384,37.78780955
1920,-122.3001647,37.7739378
1921,-122.2982985,37.784063
1922,-122.2709231,37.7851324
1923,-122.2753642,37.786220150000005
1924,-122.2864704,37.77935813333334
1925,-122.2858062,37.7793419
1926,-122.285774,37.7796335
1927,-122.2909755,37.77939435
1928,-122.2839315,37.7851317
1929,-122.2844941,37.779980800000004
1930,-122.2902878,37.78729871666667
1931,-122.29007,37.78834298
1932,-122.279854,37.771512066666666
1933,-122.291542,37.77926435
1934,-122.2912783,37.7789944
1935,-122.2919828,37.78265865
1936,-122.2966633,37.783370033333334
1937,-122.277882,37.771464800000004
1938,-122.2793903,37.76863856666667
1939,-122.2793535,37.76920558
1940,-122.2913518,37.78000275
1941,-122.2784963,37.769726860000006
1942,-122.2870983,37.768727500000004
1943,-122.2873412,37.768400400000004
1944,-122.2881465,37.7671966
1945,-122.257253,37.77581383333333
1946,-122.3080801,37.78975775
1947,-122.2893508,37.77964165
1948,-122.2885608,37.77962945
1949,-122.2887273,37.77859675
1950,-122.2926935,37.7751248
1951,-122.2867651,37.777158549999996
1952,-122.2878485,37.78860215
1953,-122.292966,37.78642186666667
1954,-122.3014397,37.78768665
1955,-122.2766846,37.79022795
1956,-122.2725465,37.78407785
1957,-122.2826906,37.78281
1958,-122.2826813,37.7834868
1959,-122.2498904,37.757933449999996
1960,-122.2503513,37.758181449999995
1961,-122.2748184,37.7798308
1962,-122.2499485,37.7547593
1963,-122.2507372,37.755198199999995
1964,-122.2463701,37.758079900000006
1965,-122.2925931,37.771995399999994
1966,-122.3003157,37.7729368
1967,-122.2762972,37.77722105
1968,-122.2758852,37.777658
1969,-122.2774241,37.77727578333333
1970,-122.2767178,37.77553616666666
1971,-122.2745638,37.77816885
1972,-122.2773737,37.77315615
1973,-122.2780279,37.77241035
1974,-122.2763098,37.7714302
1975,-122.2830937,37.77159025
1976,-122.2832106,37.77702596666666
1977,-122.2864795,37.7764069
1978,-122.2844785,37.776813000000004
1979,-122.2583004,37.7732636
1980,-122.2629413,37.770939920000004
1981,-122.2745536,37.77714533
1982,-122.2535181,37.77732185
1983,-122.2633957,37.778342800000004
1984,-122.2495097,37.770210500000005
1985,-122.2347746,37.769083550000005
1986,-122.2393015,37.76903553333333
1987,-122.2394629,37.76836965
1988,-122.2399165,37.7684269
1989,-122.239381,37.76682245
1990,-122.2414106,37.766690000000004
1991,-122.2741276,37.7761928
1992,-122.2425172,37.7674645
1993,-122.2436226,37.765403649999996
1994,-122.2451146,37.7667452
1995,-122.310093,37.7882052
1996,-122.2354036,37.767025
1997,-122.2271831,37.7593458
1998,-122.2362731,37.76143105
1999,-122.2440177,37.7624133
2000,-122.2728108,37.775103900000005
2001,-122.2396386,37.766266099999996
2002,-122.2398748,37.766383399999995
2003,-122.2411465,37.766413566666664
2004,-122.2519317,37.7590634
2005,-122.2521684,37.7591921
2006,-122.2450042,37.771617500000005
2007,-122.2778942,37.788637449999996
2008,-122.2997056,37.772014549999994
2009,-122.2993946,37.772308
2010,-122.2986494,37.7723532
2011,-122.2992592,37.775578466666666
2012,-122.2990279,37.772702699999996
2013,-122.2827713,37.77552315
2014,-122.2470381,37.7691351
2015,-122.2261682,37.75834505
2016,-122.2257463,37.75805725
2017,-122.2782616,37.78972815
2018,-122.2948551,37.78019505
2019,-122.2960965,37.7802869
2020,-122.299749,37.78309566666667
2021,-122.3011323,37.783137749999995
2022,-122.2594591,37.7623301
2023,-122.2978882,37.787842233333336
2024,-122.2322556,37.75643726
2025,-122.2785314,37.78930535
2026,-122.293596,37.783145999999995
2027,-122.252326,37.768385466666665
2028,-122.2944887,37.7890354
2029,-122.2507483,37.75894965
2030,-122.2779357,37.78504875
2031,-122.2573656,37.76658275
2032,-122.2805209,37.7776826
2033,-122.2983848,37.782042399999995
2034,-122.291858,37.78027613333334
2035,-122.2926766,37.7806982
2036,-122.2924226,37.78030713333333
2037,-122.2923541,37.781175733333335
2038,-122.2797604,37.79131675
2039,-122.2795259,37.78976195
2040,-122.2803257,37.77732
2041,-122.2819873,37.7905618
2042,-122.2777528,37.7847003
2043,-122.2828678,37.7913748
2044,-122.2828555,37.79049045
2045,-122.2963553,37.7858192
2046,-122.2980449,37.78598715
2047,-122.2861135,37.77032525
2048,-122.2356012,37.769991233333336
2049,-122.2400574,37.760136900000006
2050,-122.2879108,37.77963485
2051,-122.2843802,37.7872206
2052,-122.2878892,37.7799341
2053,-122.2758946,37.7714206
2054,-122.2333874,37.751819
2055,-122.2917037,37.78392015
2056,-122.2794376,37.77253595
2057,-122.2417797,37.76375925
2058,-122.233899,37.7688403
2059,-122.2822062,37.77986465
2060,-122.2825099,37.77157725
2061,-122.2823004,37.77538225
2062,-122.2976272,37.7887494
2063,-122.2880937,37.766554066666664
2064,-122.2809253,37.77979705
2065,-122.258666,37.7726404
2066,-122.2354599,37.751417950000004
2067,-122.2425938,37.76720615
2068,-122.2341192,37.75629055
2069,-122.233145,37.757170099999996
2070,-122.2258054,37.7638079
2071,-122.237644,37.758649399999996
2072,-122.2753097,37.777144299999996
2073,-122.2771886,37.77822645
2074,-122.2390785,37.76883543333333
2075,-122.2402526,37.7672915
2076,-122.2374125,37.7705634
2077,-122.300495,37.7739831
2078,-122.233367,37.7557456
2079,-122.2390465,37.7510058
2080,-122.2434316,37.7620818
2081,-122.2362596,37.750702966666665
2082,-122.2895139,37.778616666666665